time,depht
8.232683,10
0.034851,8
0.001016,6
0.000116,4
0.000011,2

